{
  "overall": {
    "label": "negative",
    "score": -0.46855816245079035,
    "confidence": 0.3346844017505646
  },
  "review": {
    "label": "negative",
    "score": -0.6693688035011292,
    "confidence": 0.6693688035011292
  },
  "comments": {
    "individual": [],
    "average_score": 0.0,
    "count": 0
  },
  "timestamp": "2025-08-13T16:20:38.822097"
}