{
  "overall": {
    "label": "neutral",
    "score": 0.0,
    "confidence": 0.20828920602798462
  },
  "review": {
    "label": "neutral",
    "score": 0.0,
    "confidence": 0.41657841205596924
  },
  "comments": {
    "individual": [],
    "average_score": 0.0,
    "count": 0
  },
  "timestamp": "2025-08-13T16:19:58.056678"
}